Variant;Chromosome;GenomicLocation;SNP;GeneOrientation
NM_000518.4(HBB):c.364G>A (p.Glu122Lys);11;5225678;G>A;-
NM_000518.5(HBB):c.328G>A (p.Val110Met);11;5225714;G>A;-
NM_000518.5(HBB):c.316-1G>A;11;5225727;G>A;-
NM_000518.5(HBB):c.315+1G>A;11;5226576;G>A;-
NM_000518.5(HBB):c.295G>A (p.Val99Met);11;5226597;G>A;-
NM_000518.5(HBB):c.114G>A (p.Trp38Ter);11;5226778;G>A;-
NM_000518.5(HBB):c.93-1G>A;11;5226800;G>A;-
NM_000518.5(HBB):c.93-21G>A;11;5226820;G>A;-
NM_000518.5(HBB):c.92+5G>A;11;5226925;G>A;-
NM_000518.5(HBB):c.92+1G>A;11;5226929;G>A;-
NM_000518.5(HBB):c.79G>A (p.Glu27Lys);11;5226943;G>A;-
NM_000518.5(HBB):c.48G>A (p.Trp16Ter);11;5226974;G>A;-
NM_000518.5(HBB):c.47G>A (p.Trp16Ter);11;5226975;G>A;-
NM_000518.4(HBB):c.19G>A (p.Glu7Lys);11;5227003;G>A;-
NM_000518.5(HBB):c.3G>A (p.Met1Ile);11;5227019;G>A;-
NM_000518.5(HBB):c.-29G>A;11;5227050;G>A;-
NM_000519.3(HBD):c.*199G>A;11;5232765;G>A;-
NM_000519.4(HBD):c.113G>A (p.Trp38Ter);11;5234193;G>A;-
NM_000559.2(HBG1):c.-170G>A;11;5249974;G>A;-
NM_000517.6(HBA2):c.99G>A (p.Met33Ile);16;173128;G>A;+
NM_002049.3(GATA1):c.613G>A (p.Val205Met);X;48792337;G>A;+
NM_002049.3(GATA1):c.647G>A (p.Arg216Gln);X;48792371;G>A;+
NM_000533.5(PLP1):c.3G>A (p.Met1Ile);X;103776998;G>A;+
NM_000518.5(HBB):c.316-197C>T;11;5225923;C>T;-
NM_000518.5(HBB):c.190C>T (p.His64Tyr);11;5226702;C>T;-
NM_000518.5(HBB):c.118C>T (p.Gln40Ter);11;5226774;C>T;-
NM_000518.5(HBB):c.90C>T (p.Gly30=);11;5226932;C>T;-
NM_000518.5(HBB):c.-137C>T;11;5227158;C>T;-
NM_000518.5(HBB):c.-138C>T;11;5227159;C>T;-
NM_000518.5(HBB):c.-140C>T;11;5227161;C>T;-
NM_000518.5(HBB):c.-151C>T;11;5227172;C>T;-
NM_000559.2(HBG1):c.-53-196C>T;11;5250053;C>T;-
NM_000558.5(HBA1):c.358C>T (p.Pro120Ser);16;177340;C>T;+
NM_002049.3(GATA1):c.646C>T (p.Arg216Trp);X;48792370;C>T;+
